{"step":49,"reward":0.4000000000000001,"correct":0,"_timestamp":1.7771131485263045e+09,"_wandb":{"runtime":327},"_runtime":327,"_step":49}