{"_wandb":{"runtime":757},"_runtime":757,"_step":49,"step":49,"reward":0.4000000000000001,"correct":0,"_timestamp":1.7771147375243206e+09}