{"correct":0,"_timestamp":1.7771155014666948e+09,"_step":49,"step":49,"_runtime":740,"_wandb":{"runtime":740},"reward":0.4000000000000001}