{"step":49,"reward":0.4000000000000001,"correct":0,"_wandb":{"runtime":778},"_runtime":778,"_timestamp":1.777113950434674e+09,"_step":49}